City,2015,2016,2017,2018,2019,2020,2021
Acampo,411290.3,457113.1,499479.8,549449.1,576265.3,577935.7,706673.6
Acton,429758.9,449873.7,483729.3,536849,565247.3,591931.2,698957.6
Adelanto,151547.4,163231.4,185646.1,215282.2,229858.4,245152.2,300593.3
Adin,151136.3,163947.3,175406.9,186325.1,191057.7,193622.4,229474.8
Agoura Hills,726644.3,729300.6,782420.1,849757.7,857486.5,897807.2,1046212.4
Agua Dulce,502798.9,521557.3,562771.2,621364.9,655143.7,693722.1,802512.5
Aguanga,279156.5,301992.2,324326.6,359367.7,370827.1,398712.3,469102.4
Ahwahnee,261362,268037.5,280034.2,314391.9,324786.5,335858.5,405556.7
Alameda,817787.7,909422.1,963831.1,1040587.1,1007557.8,1042135.4,1197310.7
Albany,859569.9,937844.3,999449.2,1096556.9,1098504.5,1126011,1275667.4
Albion,461772.6,497661.6,534271.3,568964,590254.5,608212.7,717724.3
Alhambra,539335.9,544123.4,590276.6,667814.1,696025.3,724631.5,807017.1
Aliso Viejo,615006.4,634138.1,686907.6,737663,725739.3,748328,861545
Alondra Park,438676.1,460157.5,514998.8,586150.9,614283,647954.2,737393.4
Alpaugh,90206.9,97347,106688.4,111613.9,117603.7,130030.5,152695.3
Alpine,521565.8,560189.9,589367.7,630164.1,627112.6,663580,787783.6
Alta,264668.3,290407.5,325641.4,346494.1,355946.2,377394.9,435859.4
Altadena,630039.9,650486.4,712758.7,805078,838517.5,885278.4,1028573.2
Alturas,91602.8,95132.5,101282.1,108329.7,115361.1,115937.5,136584.7
Amador City,258568.3,289824,321591.9,357881.5,374130.8,396328.4,457629
American Canyon,418021.7,465708.5,503159.6,538587.5,552097.1,570136.5,659017.5
Anaheim,490698,511999.6,557879.6,603717.8,610180.7,646573.4,735058.1
Anderson,191181,202387.8,215700.3,229720.6,245026.2,262410.2,305157
Angels Camp,268003.8,293740.8,322202.5,344451.2,357614.6,368565,428966
Angelus Oaks,167649.8,174037.2,205134.6,237674.6,243117.7,252376.8,308129.2
Angwin,645135.1,728659.5,781387.6,804074.6,813255.3,814657.4,914822.7
Annapolis,586087.3,581020.1,576167,604776.8,587106.1,580860.9,663055.6
Antioch,326201.5,361834,401903.7,445844.2,459871.2,483128.2,579033
Anza,190664,211127,233494.9,277839.3,289129,312121.5,371202.4
Apple Valley,193680.5,207602,232496.5,262765.6,267858.4,283800.2,348750
Applegate,349663.8,376544.1,405120.1,431505.6,446283.1,472874.6,550530.6
Aptos,796623.2,870272.3,916477.2,979337,972062,987808.3,1240864
Arbuckle,212266.2,236074.2,259781.2,285650.3,304460.5,324803.8,376395.5
Arcadia,1096247.6,1024054.9,1077248.4,1165661.3,1132696.4,1142269,1249972.1
Arcata,351218.2,381185.5,414073.8,431803.7,448062.4,455380,486728.6
Arden-Arcade,310907.3,334193.4,357693.4,382608.4,397734,415920.2,484164.3
Armona,123704.1,133890.9,144745,160061,171870.6,186342.9,221684.8
Arnold,247493.3,261398.8,277290.8,297861.9,311825.6,319029.2,411621.8
Aromas,569138.5,633989.2,680577.2,723835.1,742687.4,763732.4,893910.4
Arroyo Grande,596477.4,626322.5,682673.1,709701.3,716463.4,731346.2,828373.4
Artesia,408643.8,425662.8,469631.5,524427.7,544896.5,576949.9,654952.7
Arvin,136171,148365.9,157861.7,171295,181776.8,197144.9,226175.7
Atascadero,429587.8,458956.1,505066.9,535332.1,541742.4,560612.1,639963.6
Atherton,5311596.8,5715341.1,5818304.7,6293548.3,6114062.5,6424026.8,7234002.9
Atwater,196104.2,214385.3,236559.9,259838.4,279105,293381.7,349230.2
Auberry,275554.6,293596.6,304408.9,323845.9,328546.9,332495.2,393430.9
Auburn,379138.3,408087.9,438338.2,470622.2,486982.2,505389.9,593692.3
August,108428.2,130193.6,153677.9,183677.4,207322.6,229081.2,270811.9
Avalon,643182.4,636372.1,668024.5,747161,779869,770964.4,850532.5
Avenal,106133.3,115703.6,126688.7,137520.4,147477.5,160237.1,186748.5
Avila Beach,984388,1015308.5,1105395,1179206.7,1176515.4,1176096,1303465.7
Avocado Heights,382740.6,400474.8,446954,505545.9,528762.5,559482,647349.4
Azusa,370819.1,386443,423843.7,463478.4,477245.1,502844.5,579681
Bakersfield,218718.9,225261.3,230508.4,242099.3,253835.7,270198.3,315596.4
Baldwin Park,341867,357549,392618.9,447741.9,468642.5,496254.6,566450.9
Ballico,444988.4,477365.8,523141.6,575847.2,596900,617863.9,757794.5
Bangor,235644.5,252089.3,276918.4,305087.9,325586.1,320444,380268.1
Banning,197124.4,214581.5,232914.8,263083.7,274601.2,284792.4,333287.5
Barstow,96538.7,105689.4,121247.9,145364,152111.5,161984.1,201331.4
Bass Lake,397661.7,392625.1,401409.2,462023.1,456764.3,500534.6,578217.3
Bayside,499063.9,527921.7,566416.3,599982.1,636255.8,637809.4,685782.8
Beaumont,272314.4,291659.3,310232.8,334807.5,346990.5,364438.9,440013.1
Bell,311226.3,328658.9,365779.3,410411.7,437050.5,471003.8,531943.5
Bell Canyon,1282790.9,1377402.7,1437152.2,1515634.5,1530078.8,1559608.2,1870886
Bell Gardens,311872.6,330839.6,373100.2,421227.4,448148.9,484049.5,551097.1
Bellflower,396332.3,415087.9,456598.7,511725.1,531768.4,566282.9,651401.2
Belmont,1372497.7,1521040.4,1598586.5,1824753,1766081.5,1782607.2,2002653.7
Belvedere,3243780.4,3487601.2,3584193.4,3705238.3,3630680,3641814,4201111.1
Ben Lomond,576643.1,639303.3,687729,745477.3,741820.5,766630.3,888418.2
Benicia,526836.5,572369.3,607962.7,651818,651387.4,666006.8,773582.1
Berkeley,1002675.2,1097710.6,1166853.4,1273078.8,1254099.9,1298156.9,1458542.8
Berry Creek,184566.8,204380.1,217806,241805,261873.2,262860.2,298569.4
Bethel Island,385899.9,423413.3,459604.4,501929,510435.9,540006.3,641737.2
Beverly Hills,2426696.6,2353105,2798260.1,3638443.6,4511022.3,4719830.5,5092201.6
Bieber,93395,105445.1,117286.8,133891.2,141164.1,141019.7,170345.6
Big Bear City,178461.2,188065.5,207652.2,242787.1,248105.8,257088.2,345000.4
Big Bear Lake,301609.8,308942.6,336480.3,377159.2,373587.3,389458.2,527129.7
Big Sur,1477085.2,1685441.2,1742701.8,1854190.9,1869094.1,1816980.7,2084789.7
Biggs,159335.3,175776.9,193787.1,216780.9,246341.8,265852.8,308821.5
Bishop,324051.5,341992.9,359919.8,392042.1,411441.6,430302.9,486432.2
Bloomington,232059.8,248709.7,281638.1,325185.4,343278.2,365064.1,430429.9
Blue Lake,287359.6,300749,330210.7,357501.5,377905.5,389976.2,438963.4
Blythe,115179.7,126322,137585,152413.5,156515.6,169496.9,193313.9
Bodega Bay,789339.2,840574,854246.4,916252,918279.8,934338.1,1102440.9
Bodfish,96961.2,103108.8,109738.8,119824,128228.9,136241.4,158891.1
Bolinas,1039214.3,1208384.2,1308828.9,1444420.7,1445947.9,1534142.4,1716210.3
Bonita,583332.8,617017.8,649642.6,680130.2,687138.2,732914.8,876854.2
Bonsall,607920.2,639914.3,677773.3,717019.8,709269.2,748486.4,905120.2
Boron,48976.6,52651.9,60717.6,76851,89555.8,94371.3,116369.1
Borrego Springs,214313.9,228428.5,242266.4,248467.6,245023.8,259108.6,311300.3
Boulder Creek,488899,554726.5,598485.7,639993.4,634527.3,650108.1,742823.6
Boulevard,212609.2,240714.3,270878.4,300829,308080.2,339545.1,389991.3
Bradbury,1625308.9,1522857.2,1622802.6,1852818,1831834.8,1824616.7,1965606.9
Bradley,398812.8,412479.6,442017.7,462991.7,457987.6,477718.2,539907.8
Brawley,174680.6,189181.7,201526.3,209686.5,222815.3,242412,269299.7
Brea,605014,625358.1,679406.5,722005,722361.5,755297.3,858558
Brentwood,477794.4,519163.6,551201.2,588920.8,605172.4,626953.9,754386.2
Bridgeport,241462.5,262853.1,286028.4,306436.5,324845.3,340219.3,387584.2
Brisbane,867691.1,959944.9,1018135.8,1140736.3,1111644.8,1158023.3,1267122.7
Browns Valley,342043.1,367362,394848,436211.9,450487.8,462544.2,545641.5
Brownsville,192412.7,217259.8,236967,249926.4,259695.1,275675.1,319860.7
Buellton,525862.5,565581.3,588582.6,602671.6,610458.3,642560,750179.1
Buena Park,458410.5,481193.9,534254.1,581066.2,587802.8,623471.3,715637.2
Burbank,615116.5,636039.7,696933.1,794836.8,827281.1,879298,1019652.1
Burlingame,1824971.9,1966721.8,2057946.1,2300090.4,2249192.1,2305013.4,2554760.2
Buttonwillow,98257.9,106631.8,114103.6,125182,138871,155158.2,181950.6
Cabazon,119814.5,132924.8,143667.3,167768.7,179773.5,199514.9,239489.3
Calabasas,1014714.8,1015909.9,1085091.3,1198741.3,1231132.7,1277316.1,1493758.7
Calexico,185918.7,205035,218158.7,229390.7,244802.4,261076.8,288325.1
Caliente,174607.1,187334,190745.4,208079.5,210345,219730.2,262871.4
California City,93566.8,106140.8,123265.2,147778.7,164229.2,173688.6,215983.8
Calimesa,280694.1,303086.9,324967.1,356523.7,365681.8,386612.5,460409.5
Calipatria,117578.5,133168.5,142255.1,156443.8,170754.5,187616.6,204852.2
Calistoga,770766.3,835313.9,904736,970472.2,999748.4,1006386.1,1136045.3
Calpine,182971.5,202232.8,225544.7,247557.4,260678.7,271149.9,328777.3
Camarillo,570625.9,600527,629110.1,657877.7,663661.1,685223.8,780224.3
Cambria,566022.3,580827.1,633355.8,670767.6,681715,709054.7,824972.5
Camino,313342.9,340322.3,369160.8,392470.6,402099.3,403980.4,471611.5
Campbell,979252.5,1032959.7,1057259.9,1311293.7,1288270.8,1314506.5,1508531.9
Campo,221314.5,253748.2,286139.9,314346.5,324090,347935.9,409634.8
Camptonville,223889.6,246907.7,257001.8,269449.7,275228.6,296953.7,335525.7
Cantua Creek,92947,101288.5,118080.6,135208,146621.3,153220.8,178775.2
Canyon Lake,379403,390680.9,409013.2,448129.2,461025.3,481265.2,592105.5
Capitola,828292.7,891353.7,944682.3,1023134,999225.8,1032721.2,1274351.4
Carlotta,322153.3,361632.1,414028.9,443026.4,449372,457069.6,474138.8
Carlsbad,812427.3,818894.4,848671.4,890385.5,899892.2,944768.1,1152495.1
Carmel Valley,811205.3,882391,920985.7,969245.5,1013943.7,1044208.6,1278780.1
Carmel-by-the-Sea,1343067.5,1438081.5,1498088.5,1579262.7,1615801.2,1644159.5,2004934.2
Carmichael,333848.3,354545.7,379153.1,404964.8,419584.8,439900.7,515676.1
Carnelian Bay,575827.7,615983.1,643902.6,679260.4,706153,736151.4,1018484.8
Carpinteria,952159,1013589.3,1042616.8,1089294.1,1093932.4,1083543.9,1295921.3
Carson,387321.3,408416.5,451546.4,508967.9,539056.9,579379.2,662517.5
Caruthers,178746.4,194752.9,210932.6,227039,243934.3,256244.9,297505.5
Castaic,444881.4,466190,500795.6,542516.2,556358.7,579588.8,676988.7
Castro Valley,660405.3,725498.1,768631,843734.3,835013.3,868861.3,1041469.1
Castroville,359646.8,403182.7,438132.1,469054.4,485622.1,531039.3,588504.6
Cathedral City,243915.4,258752.7,271678.8,297006.4,317105.6,340692.7,417679.5
Catheys Valley,314147.9,335816,367860.8,384091.1,400533.8,417257.8,498317.4
Cayucos,764839,792894.4,880452.8,928417.1,923513.5,954300,1112894.6
Cazadero,391953.3,443037.8,474904.1,514831.9,509501.3,521396.8,582891.4
Ceres,218916.8,241218.2,263379.7,287808.9,305720.5,325232.7,385281.8
Cerritos,613224.5,624852.2,670756.5,728197.6,744540.6,772775.8,871192.5
Chester,188762.8,202862.1,215401.6,233277.3,254340.2,269642,317108.7
Chico,289665.3,305104.4,324691.8,344313.4,387542.6,403661,444352
Chino,422746,436920.9,467654.4,510449.2,513850.4,531254.8,622070.7
Chino Hills,546621.1,552286.4,598327.1,656159.1,657091.5,667441.5,760970.4
Chowchilla,178791,195090.3,209173.5,234328.9,248536.5,267504.3,316201.6
Chualar,400199.3,447775,472601.9,506393.3,538186.7,573597,645384.2
Chula Vista,464709.7,500831.1,529418.7,553632,560754,597277.5,709754.5
Citrus Heights,255666.8,280924.9,307753.1,336571.2,348848.6,370835.3,435731.2
Claremont,554861.6,569028.6,613065.2,661169.1,678744,711426.9,804937.8
Clarksburg,475500.2,503483.8,553847.2,585482.7,610226.6,626886.8,717584.9
Clearlake,96258.3,112564.7,131631.2,150817.5,165923.2,174440.5,206810
Clearlake Oaks,137188,154137.1,171981.4,192433.7,202926.4,212321.4,247581.4
Clio,389566,410331.7,428647.3,463391.9,483849.8,492033.1,590373.6
Clipper Mills,147860.3,162271.2,174214.5,193503.4,215579.6,220943.8,261374.8
Cloverdale,409687.2,456378.4,501461.8,554457.6,557096,564264.8,618022.1
Clovis,282788.5,298159.8,318204.6,343806.2,356743.8,372834.8,433499.8
Coachella,185484.7,210601.2,229389.7,248696.6,259053.2,276192.8,326703.1
Coalinga,153397.2,160966.8,171506.5,183139.4,193185.6,202544,227300.8
Coarsegold,229974.1,237701,252713.7,283679.9,295870,306111.5,363524.6
Cobb,192957.2,215684,230711.3,247181.8,269316.9,282381.9,316255.8
Coleville,195571.5,222373,233029.9,249129.9,258771.8,275970.7,329695.6
Colfax,303091.6,333216.6,365173.7,393516.9,400341.3,420955,486748.5
Colma,735717.9,816183.7,879924.4,1012266.5,1040206.7,1026155.7,1080702.8
Colton,215492.3,229431.9,257779.2,297123.1,309725.8,326622.4,384005.9
Colusa,188100.1,206977.8,223049.2,246229.6,267197.6,279481.3,322970.2
Commerce,322545.5,341323.2,382441.6,433368.6,457764.2,490168.8,553310.1
Compton,266784.7,288405.7,328183.3,379015.2,409931.3,443512.5,504611.7
Concord,475274,518032.3,553455.6,597187.7,603556.5,633301.5,746219.3
Cool,321438.3,351278,384834.3,406197.1,415541.7,421478.3,495949.2
Copperopolis,308296.2,321515.4,340732.8,354432.1,371303.3,389433.1,473705.5
Corcoran,108118.3,120778.7,137687.8,152197.1,163644.1,176250.7,201362.2
Corning,153000.9,164462.5,174826.2,188681.8,212266.8,237218.1,275645.6
Corona,417459.4,431831.9,452220.6,488483.9,498596.7,520818.6,619987.8
Coronado,1516805.4,1599359.5,1658250,1742929.2,1748300.6,1815873.4,2154247.6
Corte Madera,1202669.4,1294321.1,1353214.4,1451358.3,1439109.7,1488303.5,1690473.1
Costa Mesa,675718.4,696365.9,760338.4,828908.7,828449.7,871113.5,1004285.7
Cotati,496926,544134.5,586329.8,643724.8,648032.2,654635.4,730533.7
Coto de Caza,966418.4,977217.1,1036659.8,1101890.2,1094552.2,1131612.6,1339658.1
Cottonwood,212464.7,224664.3,236879.5,256165.3,272006.2,290817.4,341811
Coulterville,187675.4,208189.6,231668.8,248035.7,251726.4,262110.8,315389.6
Courtland,335960.7,365909.3,399373.1,434958.7,447018.4,464276.1,528475.7
Covelo,236531.5,260074.9,306792.4,333505.5,354905.4,392749.3,411548.8
Covina,414979.6,430276.6,469502.6,519540.8,533523.2,564629.6,652795.6
Crescent City,185672.8,201358.2,220271.2,243260.2,252293.9,273617,305198.5
Crestline,155284.1,167743.8,190497.3,224315,231835.6,242362.6,304153.6
Creston,607298.2,627139.2,683602.3,725332.8,735681.4,748898.2,856583.3
Crows Landing,414070.7,458720.8,507334.3,569854.8,604681,636544.4,746075.4
Cudahy,318840.6,336158.1,377473.5,425335.5,451612.5,491091.3,552461
Culver City,828692.4,854270.5,962852.9,1159331.1,1232735.8,1289780.9,1435267.7
Cupertino,1734033.9,1770795,1779510.7,2165364,2141715.1,2149506.9,2469506.5
Cutler,112642.6,122514.7,139053.4,152083.4,167466.8,186026.2,208888.7
Cypress,543050.1,562445.3,613763.8,666412.1,674229.6,708490.6,809875.3
Daggett,56969.5,59838,73401.4,100329.4,106712.3,127711.3,182600.5
Daly City,730705.3,816755.7,874699.2,996230.1,1020646.1,1070145.7,1152230.9
Dana Point,878541.1,895152.3,975485.6,1057542.8,1038097.1,1078739,1297869.1
Danville,1085157.6,1142651.2,1182580.7,1257311.9,1279227.8,1321394.4,1626074.1
Davenport,658042.3,724501,779558.9,848705.2,888129,915340.3,1064847.6
Davis,570359.2,593084.8,639181.7,674229.4,696489.8,714776.2,792381.7
Del Mar,2435397.3,2595597.1,2682098.4,2780239.7,2740330.7,2797247.1,3281302
Del Monte Forest,1384001.9,1504850.1,1575027.5,1656584.6,1737078.8,1787337.2,2176884.6
Del Rey,183743.7,204860.6,220865.5,237233.6,258610,261626.9,302315
Del Rey Oaks,536176.9,576127.8,619205.1,657101.7,683126.9,695687.2,804713.5
Delano,157315.4,173642.3,187581.4,202324.7,212928.4,227612.2,257364.4
Delhi,183379.8,206166.2,228935.4,247824.1,267562.4,287501.6,337888.2
Denair,291443.3,318055.4,340649.7,367557.2,385680.2,407076.3,481551
Descanso,350150.9,381243.9,418751.5,444749.3,457820,480759.6,552116.1
Desert Hot Springs,154346.4,169235.5,184954.8,211119.1,226822.7,245812.9,300620.3
Diamond Bar,637960.1,635659.4,672870.6,718244.7,717962.2,736413.6,833789.7
Diamond Springs,260515.3,284008.5,314441.6,339098.4,350418.6,361552.5,419117.2
Dillon Beach,739420.7,806614,857676.5,901680.7,904604.5,930878.8,1116186.3
Dinuba,168887.2,179295.8,199234.7,218295.6,231409.5,243913.7,281822.3
Discovery Bay,487042.5,526111.7,557619.8,593227,599719.2,620826.3,756811.5
Dixon,349728.1,377291.4,405106.5,433750.2,449928.5,467876.3,536840.9
Dobbins,238636.8,267260.6,291911,314892.9,326377.5,331672.4,376143
Dorris,69348.6,75196,79387.3,83383.1,92050,96605.3,118847.1
Dos Palos,143986,162492.9,185233.9,207754.5,228302.3,245327.8,294653.8
Douglas City,226288.8,245152.6,270264,283503.5,279928.3,292225.7,341466.1
Downey,454929.4,472769.7,513935.6,566584.8,586799.3,625735.8,712524.5
Downieville,183936.8,187992.6,200335.5,222468.4,240272.8,248575,282180.1
Doyle,80344.1,93469.6,111297.6,133527.4,139608.6,142284.3,168495
Duarte,433627.7,449113.2,482687.2,530012.8,547258.1,574165.2,660211.3
Dublin,839179.8,908009.5,944980.1,1015216.5,982474.4,983875.8,1196555.8
Ducor,105162,117397.8,127797.9,131227.4,154721.7,163890.5,181330.4
Dunlap,221318.5,241793.5,260131.7,272797.3,279644.7,288317.3,347392.8
Dunsmuir,125261.2,133537.3,141582.9,156205.8,177509.9,193748.8,229188.8
Durham,357448.9,385653,412238.5,440356.6,492342.6,524988.5,591884.4
Dutch Flat,211825.8,229986.7,253889.1,276417,286608.1,305932.5,355284.3
Earlimart,114541.8,124364.3,139915,151225.2,164238.9,175219.5,207074
Earp,142424.3,141399.4,153846.7,174263.6,163973.1,170769.6,220727.6
East Los Angeles,310391.3,328757.5,370187.2,427161,455448.2,491675,553499.7
East Palo Alto,592974,715125,802627.7,981578.4,979326.5,987918.9,1012729.7
Eastvale,503197.1,516379.2,541708.4,591177.5,600130.7,625669.9,744595.8
Edwards,56367.9,51894.7,64354.8,78970.6,93255.5,102167.3,133275.5
El Cajon,447612.8,481503,512643.3,539557.8,547622.5,578750.2,680195.8
El Centro,187440.7,204047.8,218048.4,230745.2,247637.3,264802.8,295449.8
El Dorado,354941.2,391229.4,424244.4,455413.9,465810.2,474435.2,554672.1
El Dorado Hills,544108.8,571427.6,600152.2,632901.7,661755.4,680869.2,813564.2
El Monte,403477.8,411630.5,452443.5,510554.8,524498.1,549388.9,622521.5
El Segundo,871661.2,905636.3,996266.5,1170478,1217047.5,1283639.2,1493995.7
Elk Grove,339774.7,367232.6,398365.1,433919.6,444304.4,467706.4,563681
Elverta,257239.8,286589.8,320230.7,348021.4,362188.1,378977.4,445858.8
Emerald Lake Hills,1713927.7,1862997.6,1934794,2126608.5,2100233.4,2104739.9,2392817.3
Emeryville,516615.7,582220.7,615523.8,666295.6,652902.8,660455.5,744687.1
Encinitas,964616.4,1036106.5,1103099.7,1160463.2,1182200.2,1250580.8,1529906.3
Escalon,314516.8,345283.6,375932.6,405475.4,419502,441134.4,523422.7
Escondido,447901.9,481295.7,513135,539146.2,549601.9,578358.5,684718.8
Esparto,237195.1,264571.3,295606.9,325706.1,341480.4,359998.4,414684.7
Etna,169791.4,181456.8,187619.6,197374.6,211849.8,216209.9,256905.7
Eureka,271871.4,291166.1,315214.1,332882.9,350748.5,364481.8,396564.5
Exeter,190800.3,203387.3,223290.5,238188.3,250208,263198,307594.9
Fair Oaks,372623.7,396485.7,424504.1,455015.6,470523.4,492625,572668.3
Fairfax,838277.6,901307.6,955289.1,1020533.6,1022434.4,1028946.4,1182999.9
Fairfield,349577.3,382684,415764.2,451643.5,463813.9,483105.9,561821.2
Fallbrook,483857.7,511470.7,544278.1,578473,581033.8,609921.7,723646.1
Farmersville,120391.7,129740.5,146058.6,160294,171580.1,182343.2,216893.6
Farmington,438912.2,475800.7,521687.1,583409.6,607487.5,610919.6,758934.4
Fawnskin,237081.1,249321.7,271376.6,299704.5,303847.5,305498.1,382697.2
Felton,494155.3,548651.3,599593,646730.5,655823.2,671708.9,768198.2
Ferndale,375006.5,407538.6,450362,472928.3,476581,493335.4,548278.9
Fiddletown,230657.3,261507.8,287638.6,311367.2,320237.5,324842.5,384952.2
Fillmore,378355.9,407810,435257.8,461944.2,476746.4,500015.1,576020.2
Firebaugh,143870.1,160940.1,176898.8,194895.4,206249,217591.9,250385.5
Florence-Graham,243453.5,263717.6,301460.9,355510.6,389189.8,418416.6,471170.1
Florin,187922,218312.2,242202.1,267017.4,278360,299834.6,361909.4
Folsom,457304.7,485875,517634.5,550783.8,569735.3,596729.9,703040.4
Fontana,318313.8,336340.5,360399.7,392610.9,407008.5,429175.6,505519.4
Forbestown,172862,190605.3,204261.4,222524.6,236189.1,247838.4,283108
Forest Falls,178520.9,190156.3,216065.5,247234.5,259923.4,269655.7,315093
Forest Ranch,254513.4,268475.1,286332.7,301243.3,327148.3,336421.7,383398.7
Foresthill,305741.7,335909.2,368992.1,396891.1,403632.9,417942,481714.6
Forestville,409420.9,453662.5,490551.6,532948.3,526126.3,539604.3,585374.5
Fort Bragg,362428.7,391927.6,430405.1,464040.6,487784.8,518354,593822
Fort Jones,165047.4,177125.3,187864.7,199481.1,209605.1,217091.7,266181.6
Fortuna,273539.4,296732.5,325268.3,340698.8,359336.4,370088.4,402783
Foster City,1303894.3,1424537.8,1489446.7,1701275.5,1607063.2,1636384.3,1855949.7
Fountain Valley,635567.3,660762,718377.3,781503.8,791709,835787.5,952356.6
Fowler,234594.5,254162.7,274448.3,291666.1,302309.4,318870.5,371099
Frazier Park,140365.1,153811.4,170025.4,190858.9,205151.3,223330.2,263124.6
Freedom,408713.6,445055.3,474204.3,514745.8,529734.4,551226.7,637207.6
Fremont,855355.4,945223.8,1000794.2,1157475.2,1129435.1,1124555.6,1318832.3
French Camp,228708.2,264580.1,298726.8,335624.8,366882.8,387687.1,463992.9
Fresno,191748.1,205960.9,222825.2,245029.7,258924.4,273042,319359.6
Friant,371386.3,386205.5,398096.7,421112.8,431560.2,446841.9,522704.4
Fullerton,561433.7,579643.9,630752.4,678576.4,680952.8,715270.4,813461
Fulton,564524.1,624446.8,688876.1,748940.9,761687.2,777496.9,896044.6
Galt,286038.9,314933.7,345868.6,376962.2,390764.9,414994.5,489521.8
Garberville,390821.8,432791.1,475920.5,502140,518830.9,503193.7,522440.1
Garden Acres,129872.4,152435.9,181284.2,211460.3,232279,254973.6,302356.1
Garden Grove,466249.3,486744.3,539278.8,596691.5,609442,650973.7,742053.3
Garden Valley,291647.7,319702,353228.4,375797.6,381827.2,386289.7,453047.4
Gardena,387386.2,406942.3,455338.1,521078.9,555029.8,589705.2,670406.8
Gasquet,225888.6,232627.3,249128.3,268651.5,286696.4,319491.5,364148.6
Georgetown,255640.4,283005.5,312982.4,330127.4,338846.2,340906.6,402457.7
Gerber,154192.4,165587.7,172508.2,189708.4,209187.4,229740.6,268996.5
Geyserville,865224.6,949851.6,1001661.7,1106950.3,1128229.4,1151104.3,1321334.2
Gilroy,600665.5,647749.2,669727.5,764404.6,773047.6,794843.8,932166.6
Glen Ellen,896359,974795.4,1002327.6,1080410.6,1071657.2,1063191,1231541.9
Glendale,664577.2,688137.7,753669.8,853494.4,889182.2,937947.8,1078922.7
Glendora,508834.3,521089.9,560569.4,608905.3,615148.2,643993.9,739445
Gold Run,304850.6,324711.1,352626.3,381398.5,386098,399850.9,448110.8
Goleta,809012.1,852307.7,877080.2,895006,900970.2,921523.9,1094723.6
Gonzales,288052.9,328640.9,357861.5,382046.5,403158.2,432272.5,506420.3
Graeagle,236618.1,246289.6,267169.4,293675,311703.8,315935.6,378962.9
Grand Terrace,289719.1,304570.5,336198.2,374561,376895.9,396668.3,469838.8
Granite Bay,651954.6,680120,719274.7,760612.3,790509.2,830545.8,1015870.8
Grass Valley,327003.5,352092.8,378918.8,410204.5,415686.9,426770.2,498743.2
Graton,523650.5,577222.5,619713.5,676754.5,678661.4,693836.7,753478.1
Green Valley,211174.7,224734.8,255680.6,291412.9,311611.2,347368.4,398851.3
Green Valley Lake,143396.8,152189.3,168219.7,194793.2,205293.7,211812.1,271842.3
Greenfield,230295.3,267527.9,293128.3,318941.7,339541,370051.3,435387.3
Greenville,148518.2,164731.4,175979.6,197178.6,213272.6,221002.4,258843
Greenwood,305419.2,343392.8,377408.6,394313,398082.8,399525.4,467985.8
Grenada,136302.8,146595.4,154156.1,164177.9,176548.7,181717.3,225717.1
Gridley,172835.1,189735.7,207112.6,227147.4,251252.4,269653.1,309454.8
Grover Beach,415980.4,442965.6,493334.1,523367.5,530339.3,545878.6,620416.8
Guadalupe,247948.8,287166.1,309322.7,335349.4,348152.9,361997.9,418749.9
Gualala,431423.2,438635.1,483126.4,518630.6,530289.3,543986.8,631532.2
Guerneville,350475.7,399146.2,432735.7,478177,472330.2,474024.5,538358.9
Gustine,187119.4,209355.8,235751.9,257573.4,282005.5,303513.9,359173.8
Hacienda Heights,503235.3,511563.6,558325.1,609845.8,628782.4,658507.6,751532.6
Half Moon Bay,932006.3,1045629,1105987.2,1216319.1,1188703.7,1214077.8,1401060.9
Hamilton City,131827.1,147394,160565.5,176572,194796.8,212195.9,251060.3
Hanford,183913.9,197654,216098,230731.3,242432.1,256700,298467
Happy Camp,89589.4,102815.5,104719.1,115407.6,123412.7,124406,148472.1
Hawaiian Gardens,298857.5,316763.6,351075.7,401146,424642.2,450867.4,515682.5
Hawthorne,445505.7,471593.2,525671.2,609803.6,648074.9,689175.7,779876.5
Hayfork,174219.6,200505.2,232413.3,239610.7,228847.3,247973.8,287384.5
Hayward,484085.7,545263.4,593903.3,673015.2,674078.2,694024,812186.7
Healdsburg,761676.5,859819.7,902415.7,972890.4,976359.7,972890,1074944.7
Heber,189237.2,204711.5,214769.2,228000.6,245113.9,266370.4,296303.7
Helendale,184454.4,194624.7,211893,234067.8,238335.3,251538.8,312710.4
Hemet,195924.4,213265.5,233810,264308.8,275354.5,291461.8,351736.6
Herald,418873.9,461754.2,509507.3,552074.9,570695.5,584337,721440.1
Herlong,46468.2,59462,70236.9,83572.4,86876.3,82705.8,103529.5
Hermosa Beach,1270623.4,1299188.7,1430798.5,1659579.7,1717006.9,1743724.8,1994197.6
Hesperia,193804.1,210302.3,236604.5,268621.4,276116.9,294685.7,362300
Hickman,355522.4,385662.2,410699.3,441856.9,459087.4,483224.9,568672.1
Hidden Hills,2186771.6,2164361.4,2456879.4,3037721.3,3317921,3442092.7,4106707.3
Hidden Valley Lake,227779.7,254747.7,279004.4,306585.4,322937.5,326477,369068
Highland,255786,270990.4,295198.9,329110.9,337202.1,355308.4,421473.4
Hillsborough,3675234.6,3868958.1,3928379.4,4211147.4,4132316,4265874.2,4819375.9
Hilmar,262409.4,285181.1,305527.3,323194.9,342905,363749.7,416347
Hinkley,141108.6,139432.6,163835.8,200439.1,179670.7,187635.1,219537.4
Hollister,469157.4,526073.3,557383.1,581731.5,596610.8,621067.9,731896
Holtville,183084.5,201303.7,216995.5,224892.6,241567.2,267217.5,298296.5
Homeland,197303.5,219918.3,239954.6,277402.4,288263.8,310604.3,369349
Homewood,667537.1,684674.5,705988.6,753295.4,781119.1,802819.2,1060240.3
Hopland,388056,441668.5,499763.4,546067,569230.6,587528.1,669821.6
Hornbrook,108497.1,121360.6,133624.2,142454.5,152611.8,156070.7,199409.6
Hughson,294869.5,317127,338576.8,364288.8,377902.6,401323.4,473965.7
Huntington Beach,697196,716456.7,778020.8,840631.4,847885.3,891950.2,1017458.2
Huntington Park,303071.8,326221.2,363860.1,412270.3,436562.1,470229.3,534412.6
Huron,128005.2,136957.6,151465.1,167883,175979.3,182028.7,199812.4
Idyllwild,232006.6,242719.9,271198.4,314183.2,326708.6,340153.6,423689.5
Imperial,199846.9,215235.5,230015.4,243509.4,254024.4,270406.8,304530.1
Imperial Beach,436082.8,492644.9,554479.4,613354.5,620855.9,652473.3,749957.2
Indian Wells,916019.1,890787.4,885754.8,940907.3,973523,995881.5,1224280.6
Indio,267279,277748.6,290533.9,310818.3,324832,341372.4,410549.8
Inglewood,345540,367092.8,417539.8,503851.4,558144.5,603328.5,684940.6
Inverness,930281.7,1022888.6,1086721.4,1144808.4,1135665.2,1203283.5,1359707.9
Inyokern,155307,164178.2,177553.4,197138.8,202627,201784.9,242303.6
Ione,253804.3,283401.8,312129.9,337543.7,346747.8,362308.1,419973.1
Irvine,851969.1,860291.8,924768.3,999211.4,991994.1,1011133.1,1121549.3
Irwindale,328817,353860.9,417296.3,469063.4,484472.1,516537.7,597768.8
Isla Vista,901269.1,949696.1,986337.8,1029903.5,1034070.1,1063391.8,1246270
Isleton,233242.3,264697.2,282613.3,304386.8,315126.1,338835.4,391599
Ivanhoe,97279,101094.5,118712.6,132877.9,146073.8,156666.5,184660.7
Jackson,273255.2,298704.1,322283,346153,355048.3,362460.6,415757.4
Jacumba,139793.4,158558.1,180105,198212.6,198302.1,225804.5,267066.9
Jamul,547822.8,590011,624712.8,663860.5,651585.2,692127.3,830359.4
Janesville,186187.7,203415,221852.7,242514.6,253444.2,264700.9,314700.2
Jenner,661857.7,691640.1,698034.7,735414.2,712127.1,704154.2,791316.4
Joshua Tree,110981,121270.6,144052.3,186920.7,201426.9,222318.3,330571.3
Julian,313891.7,338647.5,365554.3,391118,395753.5,414055.5,478700.5
June Lake,401454.4,431634.2,455454.9,475197.2,495335.5,522135.8,615978.1
Jurupa Valley,314308.9,338400.9,361978.5,399779.5,414200.2,441408.2,518339.3
Keene,386735.1,390455,392853,410143.4,429803.5,442674.7,525064.3
Kelseyville,210654.6,234905.4,259669.4,284334.2,297282.8,304449.6,350351
Kennedy,123470,148408.1,175310.6,209612.8,230566.6,258206.6,297836.1
Kentfield,1851388.4,1978853.8,2017072.2,2129131.7,2113700.8,2146646.5,2488330.6
Kenwood,870471.5,958496.4,1004993.1,1088270.1,1092051.6,1065126.6,1202033.6
Kerman,202313.7,220867.8,237610.3,255179.1,267430.5,284544.7,332668.3
Kernville,204645.2,216067.6,221701.7,236976.5,244546.9,260304.5,283773.3
Kettleman City,87080.4,92137.8,103290.7,108597.2,118034.1,127225.2,152308
Keyes,178299.1,205787.8,226276.3,246321.1,266177.2,284676.1,342422.9
King City,243795.1,268924,289184.4,307267.6,325108.8,344942.2,414175.4
Kings Beach,410802,443648.3,474151.9,511459.9,541272.4,564708.3,739409
Kingsburg,249043.2,265465.8,282512.4,297812.6,310610.2,324438.8,369637.2
Kirkwood,548605.5,576154.9,592656.4,632312.9,630199.5,630247.6,709657.8
Klamath River,142704.6,157751.8,164863.2,178284.3,185613.7,191407.5,234928.6
Kyburz,230452.7,252899,273050.1,294812.5,302995,308173,348309.8
La Canada Flintridge,1302032.6,1301277.8,1430643.7,1598734.7,1645056.2,1709756.9,1911749.9
La Crescenta-Montrose,692810.5,709709,778744.6,877407.2,903695.3,949138.5,1091126.1
La Grange,211966.8,240740.6,267295.6,288219.2,298647.9,306227.7,368858.7
La Habra,461528.9,482749.4,532087,578454,583005.5,613776.3,709423.8
La Habra Heights,787361.9,776665.4,821721.1,901346.8,917421.3,958151.2,1084885.2
La Honda,675806.5,742391.5,798987,897615,872719.5,887528.9,954794.1
La Mesa,486660.3,519463.1,555051.4,585504.9,586603,624968,748199.4
La Mirada,460778.8,481423.7,524319.4,580739.5,597029.1,626331.1,722451.9
La Palma,569181.5,589435.7,646057,701054.4,713795.6,754759.1,864513.2
La Puente,336256,353965.6,391764.1,438314.8,460307.7,488496.8,562396.5
La Quinta,424095,424891.7,430323.5,457995.7,473016.7,498070.2,619783.2
La Riviera,251383.4,277088.2,303840.3,333901.6,348346.8,366983.5,435509.5
La Verne,532845.6,547264.7,587274.5,636007.6,645041.7,678058.8,776732.6
Ladera Heights,760997,793575.3,882522.4,1036277.7,1131148.5,1248316.9,1425934.8
Ladera Ranch,798068.4,810819.5,845206.4,901489.7,907567.3,939039.8,1115891.3
Lafayette,1239703.9,1306565.8,1352821.8,1416057.5,1439224.7,1503972.2,1765927.6
Laguna Beach,1658577.3,1620513,1791171.9,1995082,1944127.6,1972152.7,2317783.9
Laguna Hills,680145.5,693164.3,738066.4,785824.7,784836.3,814627.3,941115.3
Laguna Niguel,770514.6,786481.4,846816,904819.5,892080.5,927545,1084930.2
Laguna Woods,279651.6,280577.8,318831.8,375331.1,370114.5,367754.3,390298.6
Lagunitas,634476.1,697652.3,747243.7,809923.4,794944.3,815147.9,931616.1
Lake Arrowhead,290458,299062.7,324241.8,364120.4,368377.8,387610.3,525101.7
Lake Elsinore,283457.5,306110.9,329446.7,357832.1,367495.5,386126.4,471763.6
Lake Forest,632720.6,653702.6,708442.3,756399.1,752452.7,784436.2,896961.4
Lake Hughes,194124.4,209929.1,244046.7,284657.4,300713.6,317195.4,372441.8
Lake Isabella,113871.2,122471.3,129021.7,140688,149141.8,158590.7,183477.4
Lakeport,224408,247877.2,273623.9,301289.1,314519.8,324742.9,372437.5
Lakeside,436012.7,470429,501080.3,522198.9,531959.2,564252.8,665469.6
Lakewood,449380.3,470417.7,512684.5,564941.2,581902.1,617119.6,711650.6
Lamont,100336,110322.3,118014.6,128867.5,140505.4,151709.5,172490.4
Lancaster,200255.8,218292.8,244937.8,280881.5,299490.3,321961.8,394541.8
Landers,67861.4,76302.3,92647.8,122841,141132.5,163340.4,239274.9
Larkspur,1518891.8,1616752.7,1697159.3,1840962.9,1856544.7,1919509.6,2215958.6
Lathrop,322293.2,357413.9,395601,429214.5,444266.7,464533.2,572742.5
Laton,179524.2,201753,221634.6,240675.4,255131.4,264673.3,301523.8
Lawndale,404558.3,422434.5,466090.3,535064.4,569899.5,601826.7,681773.6
Laytonville,279205.6,312018,354611.8,379147.5,398802.6,417092.3,438449.2
Le Grand,138518.9,154926.6,173455.2,188914.8,208803.5,224267.7,267338.8
Lebec,186666.2,201859.3,218626.8,242303.5,254978.5,272744.3,328009.8
Lemon Grove,367453,400926.7,432440.2,460019.1,480557.7,511238,596420.4
Lemoore,201679.8,215380.2,235105.4,247745.7,257393.4,269818.8,313058.7
Lewiston,205640.2,218215.6,239811.2,251259,250000.4,266663.2,305849.3
Lexington Hills,764526.9,799543.5,833449.3,991744.2,985430.4,1014643.3,1151638.5
Lincoln,389579.5,412593.2,441223,466819.5,482725.6,505095.3,587777.2
Lincoln Village,207193,236270.1,262371.3,288115,303851.3,323164.7,380293
Linden,397440,424296.2,455933.3,499700.5,529733.6,540908.5,630979.7
Lindsay,136734.6,150355.5,169681.7,181877.9,193125.7,205377.6,241220.8
Litchfield,162204,184404.5,199720.8,216371.5,222279.7,227530.9,277481.5
Littlerock,186076.5,206069,231705.3,269735,298144.1,321837.8,381505.8
Live Oak,175575.6,193322.6,217228.7,239343.4,254369.1,275430.8,330483.4
Livermore,674404.4,722350.1,755792.3,821842.7,810788.7,824112.1,989957.3
Livingston,199970.7,222100.2,243676.7,261341.6,281012.1,299490.9,351548.6
Llano,180719.3,190165.1,216079.4,250956.4,277815,304562.3,352996.7
Lockeford,277217.1,303431.1,330636.5,357880.5,370638.1,385743.9,459862.2
Lodi,290538.2,315258.3,343398.4,370095.7,385586.5,402019.3,468133.1
Loma Linda,322385.6,335846,376131.9,421710.9,426290.9,449353.9,527432.5
Lomita,515248.1,534093.6,577741.8,641271.8,662291.9,704460.7,806587.6
Lompoc,284858.7,318222.1,342324.4,359092.1,371035.1,388610.8,457615.4
Long Beach,463493.8,483267.4,526555.8,586911.1,609655.8,645808.7,745729.6
Loomis,486594.7,525025.1,565063.2,614234.1,637648.6,670525.7,820320.2
Los Alamitos,792993.1,811426.8,880110.5,956687.2,963814.1,1026283,1188099.7
Los Alamos,458934.8,504615,534216.9,560196,571944.6,597967.8,705040.1
Los Altos,2604507.9,2638875.7,2632654.7,3149834.6,3179775.9,3207966.6,3644175
Los Altos Hills,3760527,3740824.4,3601262.2,4166817.8,4302628.2,4320280.6,4947153.7
Los Angeles,525663.9,545176,593533.1,673534.7,703518.5,750603.7,865947.1
Los Banos,227028.2,251881.5,276430,301367.7,326226.7,342378.9,401366.5
Los Gatos,1563487.5,1617972.9,1631381.2,1923373.8,1930507.4,1974212,2303999.5
Los Molinos,164223.1,182119.8,191140.2,206921,234764.5,253922.8,293585.9
Los Olivos,862218.7,930586.1,944784.3,981214,986365.2,1011107.6,1236461.7
Los Osos,460210.1,492918.2,552820.6,585452.5,599558,623805.8,709691.3
Lost Hills,107161,122304.1,138834.4,154159.1,165959.1,169901.7,199481.6
Lotus,393216.7,424085.4,468495.8,491850.9,509257.6,511414.1,591929.9
Lower Lake,237326.6,269799.8,295899.8,319891.6,334366.3,343959.6,414592.6
Loyalton,115217,131746.6,150377.4,180536,195245.2,206472.5,246349.6
Lucerne,131152.2,145269.8,161852.9,179570,197325,206179,241722.8
Lucerne Valley,99050.8,105576.1,127114.2,164805.8,170347.8,182863.5,234250.8
Lynwood,307124.5,326178.7,364781.2,412844.7,441546.3,473211.5,536030.1
Lytle Creek,156375.8,172649.7,205173.3,246298.4,261515.4,276525.8,323335.3
Macdoel,73072.8,79719.3,80188.9,87873.8,93999.2,93527.9,122284.2
Madera,188136.1,200868.2,217876.5,243465.5,258040.1,276755.8,325007.9
Magalia,178929.6,192834.4,210602.5,232315.4,255806.4,254350.2,278163.4
Malibu,1787607.9,1748795.6,2040793.8,2574965.2,2794309.5,2736930.3,3351049.7
Mammoth Lakes,629627.4,662355.7,691599.1,772578,813071.3,792150.9,990255.8
Manchester,419050.3,442077.4,480347.4,509949.1,537624.1,561604.1,665966.1
Manhattan Beach,1626589,1650182.8,1823039.9,2137641.8,2226277.4,2255345.2,2557407.6
Manteca,314128.2,345174.8,374998,406751.9,422819.2,443733.8,534130.3
Manton,199242.1,209782.6,223883.4,236807.1,246475.1,260057.7,303404.1
Maricopa,85986.8,97577.8,104366.3,123716,127968.9,123702.8,142265
Marina,472759.7,511393.6,550733.4,586556.8,612574.9,641620.7,749425.3
Mariposa,235453,255649.1,271425.2,287519.4,297515.6,311941.9,368951.4
Markleeville,313568.6,333461,344545.3,362923.3,381302.5,399796.6,478316.9
Martinez,484718.4,534803.3,572279.6,610399.3,613825.7,646630.2,758301.3
Marysville,185687,204895.5,227707.5,250464.3,267335.4,287053.2,339028.7
Mather,309292.2,333913.4,362535.2,394859,406391.9,430199.5,517232.3
Maywood,304608.7,321096.5,358812.5,407075.4,429056.6,460014.5,513002.5
Mc Farland,145870.5,156523.7,167485.6,182403.3,191722.8,201481.3,228476.1
Mc Kittrick,106103.4,122753.7,139237.2,155783.6,169197.9,175947.2,202736.9
McArthur,177839,190668,208554.7,223801.1,228917.9,234640.9,282993.2
McCloud,158292,171426.2,182913.2,205649.4,221916.4,234788.7,295282.2
McKinleyville,325435.1,347954.9,373902.5,388096.7,406727.3,421361.3,462108.5
Meadow Vista,405351.3,440382,474818.7,508726.3,525572.2,545572.2,630656.1
Mecca,119308.3,129768.4,146957.6,168518.5,187927.5,204704.2,235144.2
Mendocino,679566.2,729885.6,772833.2,830898.6,862716.4,892351.7,1029654
Mendota,135348.6,149844.5,164577.4,181622.1,192635.8,205234.5,239592.2
Menifee,289607.9,311157.1,336071.9,367203.7,375955.8,393887.5,478171
Menlo Park,2008563.6,2150444.9,2208834.6,2484907.3,2466885.4,2449578.9,2598286
Mentone,233871.8,251211.6,282620.4,318618.8,326461.6,348102.9,413481.3
Merced,185749.4,198091,218444,242422.5,260820.1,274513.3,326553.5
Meridian,236381,256198.3,278943.3,302939.8,318330.1,341192.3,393451.4
Middletown,192085,213159.4,217997.4,236013.8,255195.6,265719.4,300135
Milford,168667.3,186202.6,202378,219964.4,225323,227658.2,277104.1
Mill Valley,1418686.9,1511350.3,1545411.5,1636630.6,1638485.7,1702217.5,1960914.7
Millbrae,1356873.1,1493731.6,1565802.5,1748474.7,1702291.5,1732206,1904691.7
Milpitas,761775.9,824879.7,857477.8,1064704.1,1056911.4,1073818.8,1232171
Miramonte,164006.8,179522.8,195947.7,205109.7,219053.4,221332.9,258716.7
Mission Viejo,618151.3,638156.9,690918.9,733919.1,729761.5,763536.2,882909.5
Modesto,217385.4,241261.3,264184.7,289154.1,304961.2,324854.4,385854.9
Mojave,75365,84847.7,96114.1,115418.9,134908.3,153121.1,182483.1
Mokelumne Hill,189580.1,212703.1,247201.3,263253.6,277050.5,282780.7,339807.5
Monrovia,581410.7,592106.9,635315.2,699641.7,715235.2,744583.1,841607.7
Montague,129885.2,143961,158378.8,171947.7,180594.5,189880.5,238045.9
Montara,823414.8,917313.9,977216.5,1102882.8,1119580.5,1129780.2,1277780.9
Montclair,321410.8,336861.2,377952.2,421180.4,429504.6,451921.2,529054.3
Monte Rio,402625.1,444959.7,477201.2,537904.8,527348.4,521412.1,591566.7
Monte Sereno,2440999.9,2460143.2,2446257.5,2830508,2858538.3,2918190.9,3467921.6
Montebello,432628.2,445076.1,484331.5,539256.3,562869.2,600664.5,675589.3
Montecito,2974005.1,3190077.8,3222153.4,3279578,3221665.3,3146729.2,4086615.8
Monterey,705943.8,759916.6,803795.4,852767.5,879765.3,891308,1045014.2
Monterey Park,537728.3,542792.1,590972.8,656631.1,676929.1,706522.5,790595.4
Moorpark,590609.9,621233,654202.3,679481.5,686363.7,705533,811455.5
Morada,401104.1,433632.4,459119.3,498181.2,526658.1,547768.4,641128
Moreno Valley,257531.6,277534.2,296810.3,326105.9,340801.7,362650.6,433353.2
Morgan Hill,755209.2,805632.1,838797.2,963951.3,982396.3,1005008.1,1185149
Morongo Valley,117096.9,128029.3,148172.8,183468.6,196037.5,215122.4,285191.1
Morro Bay,534083,572372.6,647973.1,682273.9,693182.9,712927.8,818305.9
Moss Beach,859230.9,976663.7,1050004,1162181.5,1144025.8,1164554,1323471.4
Moss Landing,458192.9,516814.4,567369.7,598825.3,633023.2,677139.4,799366.6
Mount Shasta,246639.4,267392.4,283674,306359.5,320031.4,324439.3,383216.3
Mountain Center,285694.9,297919.7,312690.5,350414.1,367892.5,393377.5,461930.6
Mountain Ranch,216911.1,254426.9,281870.9,293413,297750,290441.9,343601.4
Mountain View,1450676.9,1523023,1543308.7,1888228.1,1861313.7,1850961.1,2030127.4
Murphys,297723.6,324143.7,346974.3,364299.7,379546.5,388801.9,460674.6
Murrieta,362424.1,382798,405545,435863.3,444906.1,466008,571395
Muscoy,154204.9,167048.3,200252.2,246547,265973.3,285032.8,340367.5
Napa,563644.9,618651.7,657009.8,690537.2,710625.5,727965.8,823446.6
National City,328163.1,366550.1,397873,426009.5,453219.6,476751.3,547881.3
Needles,76160.4,79507.7,95453.2,113968.6,107678.4,113449.3,156886.3
Nevada City,366616.7,392647.9,421337.7,450988,458413.3,474410.9,560549.3
Newark,642867.3,725307.7,786604.6,929569.7,921710.6,928267.7,1087178.1
Newberry Springs,108023.5,111494.4,130914.7,156432.3,153298,162940.3,223412.1
Newcastle,502571.2,541157.7,578727.6,624692.4,648233.1,681016.7,820908.1
Newman,203253.8,227821.5,250312.4,278787.8,298812.7,320314.1,380044.2
Newport Beach,1899472.7,1881558.1,2053857.6,2288055.5,2228381.6,2310975.3,2692098.9
Nicasio,1111601.7,1211695.7,1237257.2,1294996.4,1306676.5,1323426.8,1637294.6
Nice,118118.4,142320.4,160643.5,178868.4,193364.7,199879.8,232555.6
Nicolaus,303425.5,326711.6,370449.6,394954.4,403792,432353.3,499725
Nipomo,510320.6,542739.6,596043.4,623089.6,628137.3,650135.3,737116.4
Norco,440803.6,462236.9,486947.8,529050.4,547423,582887.1,682136.5
North Fork,224878.1,232557.4,241886,274619.3,283867.6,288379.9,344865.8
North San Juan,233949.1,261150.8,279099.6,302540.6,309105,323371,384569.2
North Tustin,822029,837938.2,911531.1,987654.7,990778.6,1051704.8,1217666.7
Norwalk,360529,378145.3,418226,465805.6,484024.6,516759.5,594423.9
Novato,739786.9,803376,840163.7,896654.2,902374.7,915708.5,1063414.3
Nuevo,262050.5,289218.2,313217.5,349141.3,361606.4,385591.7,454634
Oak Park,747445.5,779770.3,819088.2,858448.4,870562.3,896020.5,1008070.7
Oak View,486430.6,527044,559436.3,588844,599222.9,627146.9,725890.5
Oakdale,308037.8,330441.6,352912.3,378195.2,394152.9,416228.7,490523.6
Oakhurst,229980.4,239997.3,253281.8,282040.2,297728.2,312826.2,367643.9
Oakland,538309.2,625808.6,681292.5,752277.4,755045.9,793065.9,900794.5
Oakley,363863.1,406894.6,442801.1,482504.3,496278.3,521852.3,631611.4
Occidental,548954.8,614322.1,663526.9,736359.4,730715.4,749641.4,864887.2
Oceano,348989.1,378393.3,425468,451897.7,462846.5,476934.2,547485.4
Oceanside,434629.6,465258.4,501100.5,530271.4,539871.5,572606.3,682168.5
Oildale,128418.8,136066.5,143231.3,155252.2,166422.8,178076.3,207315.8
Ojai,621971.6,665493.7,700557.8,741217.3,757297.1,792878.1,953972.4
Olivehurst,196788.6,218842,245749,272026.1,292143.3,317128.8,380270.1
Ontario,331054.1,347240.6,383361.9,427611,438524.7,461296.4,539433.6
Onyx,131859.3,134054.4,147313,162643.9,175214.8,183147.5,210645.1
Orange,589231.4,610790.9,662268.1,711371.3,714444.2,748247.6,859129.2
Orange Cove,124817.6,135145.1,145357.8,154580.4,165539.7,180192.9,207214.5
Orangevale,316875.5,343035.5,372664.1,399803.8,412696.4,434006.9,507254.2
Oregon House,228465.4,255205.9,282131.9,309038.7,322229.9,328862.9,393519.3
Orinda,1288115.8,1365157,1420480.6,1485500.7,1478376.4,1525868,1817790.1
Orland,200197.1,219319.4,239056.1,258201.6,281768,309710.8,355176.7
Orosi,131774.9,142818.1,161826.2,170339.5,181690,196004,228347.8
Oroville,167791.4,182123.9,199472.2,217836.8,243021.9,258576.7,296475.7
Oxnard,424045.3,455880.9,484375.8,511351.2,524458.4,552263.7,635059.7
Pacific Grove,746831.5,826853.4,882780.5,927173.8,940024.6,965349.3,1142237.4
Pacifica,772765,860758.7,927274.7,1054338.4,1067000.4,1102242.7,1222073
Pala,563479.8,588513.7,627132.9,683245.3,655257.9,700762.7,866721.5
Palermo,134201.5,150225.9,161159.7,177299.9,204382.1,215700.1,247594
Palm Desert,358661.2,357252.6,363540.4,390730.2,406760.1,423163.5,511819.4
Palm Springs,478622.1,482822.4,494439.1,553599.2,583423.1,624027.2,815188.8
Palmdale,226204.1,246517.6,273743.3,308695.1,326878.4,349774.8,424518.4
Palo Alto,2611552.6,2586249.9,2556422.7,3043097,2951329.6,2927431.2,3183231.1
Palomar Mountain,220697,244974.6,274251.9,291410.6,297722.2,323703.4,383725.9
Palos Verdes Estates,1643450.6,1599974.1,1706240.5,1872037.3,1933173.3,1959130.6,2225961.8
Paradise,413047.3,448924.4,488629.7,527737.1,547088.4,411309.4,384003.7
Paramount,311940.3,328625.5,367251.5,420622.5,449026.9,476767.1,544261.3
Parlier,137850.9,152145.1,166727.9,180919.1,192736.6,207305.9,244270.6
Pasadena,680719.2,690672.6,751814.4,846274.2,866825.5,907313.6,1030438.7
Paso Robles,409350.4,434451.3,478894.1,506241.8,512871.2,536904.7,616284.1
Patterson,262023.1,284068.3,312059.8,348079.9,367834.8,384835.7,453305.8
Pauma Valley,491837.5,515460.5,539322.3,552583,552612.5,588486.2,701636.3
Pearblossom,185465.6,196038.1,221623.1,257795,283869.4,306650,357036.6
Penn Valley,320414.4,338455.8,359509.6,391911.7,399221.3,410713.9,483112.1
Penngrove,728297.5,803495.2,854281.5,946586.8,949345.5,945977.1,1065966.6
Penryn,496563.4,535302,570993.1,621036.4,644900.4,681653.8,838363.1
Perris,245641,266993.8,287860.9,317020.8,332046.2,353238,425454.2
Pescadero,834620.9,874535.9,950364.7,1063924.3,1043488.1,1081125,1240475.6
Petaluma,582989.3,630848.8,671726.3,731606.7,732524.9,744053.3,829186.4
Phelan,196086.4,212131.1,239145,276162.7,279327.1,300272.9,373062.9
Pico Rivera,356071.2,373592.5,412444.4,460538.4,484680.9,517143.3,590911.4
Piedmont,1720062.8,1835104.3,1905592.3,2061509.7,2057952.8,2060041.6,2404455.8
Pilot Hill,403656.2,433442.8,472819.6,508802.3,517358.7,517596.1,606859
Pine Grove,258467.3,280974.6,302533.8,327660.1,339147.8,343252.2,396389.6
Pine Mountain Club,190206.2,202125.9,217365.8,236553.5,253577,271308,334241.1
Pinon Hills,196524.2,212884.1,243131.6,282813.8,287260.8,312880.3,385105.1
Pioneer,194794.7,217624.1,239921.8,265365.6,274372.6,277492.1,327436.2
Piru,273388.8,298413.7,331554.6,362372.8,381813.9,405121.3,453207.3
Pismo Beach,697462.4,737162,830688.1,871536.1,869652.6,888676.1,1041466.4
Pittsburg,312807.7,356172.7,391971,430698,444069.5,467344.1,552424.5
Pixley,109891.8,121284,139433.5,150583.6,161983.7,171720.9,203365.3
Placentia,556507.8,582788.8,632606.2,674983.6,680417.5,716211.6,820654.3
Placerville,331617.7,360630.9,390151.1,413699.6,424262.1,425676.7,489750.7
Planada,95007.9,108520,124109.7,140371.6,162224.4,179516.4,220877.5
Pleasant Grove,410240.7,450392.4,498609.2,543345.8,564036.9,604708,709397.1
Pleasant Hill,628847.5,671641.8,717778.5,771886.1,777109.2,813851.7,958590.8
Pleasanton,941075.5,1013472,1056478.5,1168070.1,1150607.6,1156068.4,1406382.8
Plumas Eureka,233921.7,245664.9,261054,283795.3,299882.3,312894.6,363806.3
Plymouth,320031.6,356243.8,382253.2,423654.8,440247.7,450429.8,528243.5
Point Reyes Station,903924.8,984596.9,1042450.9,1116401,1113809.9,1170398.1,1382232.9
Pollock Pines,238376.8,263993.7,291855.6,314368.1,321458.8,324449.3,375866.4
Pomona,324461.4,339641.3,373717.6,417753,437296.3,463608.4,539980.7
Pope Valley,258141.6,307916.2,339874.3,348843.4,340978.4,331969.1,370290.3
Port Hueneme,359651.1,384955.1,414138,437597.6,448736.5,473945.6,547066.3
Porterville,153079.9,163777,183139.8,197708.6,210302.3,224321.3,257264.2
Portola,140887.3,156115.2,171642.1,190635.8,207892.9,219706,257363.5
Portola Valley,2951752,3113658.8,3049654.8,3241383.9,3221722.3,3223520.5,3551777.9
Potrero,298822.7,311404.9,337390.8,378438.7,384400.8,400812.8,451498.5
Potter Valley,359060.4,395325,434130,459787.4,475395.3,521345.6,585033
Poway,626456.2,657524.5,696869.1,734835,748012.4,781407.7,927175.7
Prather,308477.7,325358.2,345965.9,366540.7,381758.9,395175.7,470710.7
Quincy,202226.6,217440.7,231730.9,252004.3,261330.7,268099.8,307036.5
Ramona,441424.1,479712,513737.2,543447,546342.1,576388.4,675931.1
Ranchita,309336.1,338743.3,377140.9,417506.9,380060.2,381660.1,455829.3
Rancho Cordova,288604.4,315111.3,345200.1,374912.7,386475.7,407848,479830.9
Rancho Cucamonga,443517.9,456970.9,492598.8,535474.9,539416.8,561678.6,656912.4
Rancho Mirage,589440.7,588318.1,589176.3,620311.1,637281.6,665368.9,818898.2
Rancho Palos Verdes,1022704,1031362.9,1119089.2,1229485.2,1268021.5,1303053.4,1523975.4
Rancho Santa Fe,2330405.5,2341697.1,2370357.3,2462148.2,2429575.9,2513336.5,3063172.4
Rancho Santa Margarita,603596.6,624943.3,668562.8,711793.2,711404.2,738200.4,858304.4
Raymond,244354.3,260360.9,279278.7,319367.4,331525.5,340110.4,420426.4
Red Bluff,171912.5,183074.7,194967.2,209428.9,225584.3,247553.9,284834.5
Redding,229353.9,239387.6,253500.3,269019.8,284988.1,300781.5,349736.5
Redlands,333596.4,345348.6,381986.8,422150.9,427974.6,451411.4,525512.3
Redondo Beach,812458.4,840374.5,917530.5,1041578.2,1074455.2,1109966.6,1274787.5
Redwood City,1158217.2,1295517.4,1359513.5,1560241.6,1532305.2,1571403.4,1722813.3
Redwood Valley,433240.6,468155.5,509135,522437.5,545762.9,560912.5,635010.7
Reedley,188419.2,204009.2,222665,240817,250388.6,263999.8,301273.7
Rescue,460650.3,499078,535512.6,568384.4,591254.3,599042.6,708352.1
Rialto,258678.9,275913.6,303549.3,343086.1,359009.2,383501.9,451419.4
Richgrove,97854,107134.2,120582.4,131617.3,148079,166479.5,191609.2
Richmond,357486.2,418837.1,461041.7,512892.6,529967.3,556632.3,639688.4
Richvale,190896.9,214610.2,240181.4,272244,303998.6,315327.8,341738.4
Ridgecrest,157835,167574.4,184586.7,198315.7,205609.9,212314.4,243226.2
Rio Dell,213313.9,234181.6,262917.3,277947,300786.1,312609.8,327874
Rio Linda,221599,250674.9,279872.5,305336.1,316777.1,338547.9,400132.5
Rio Oso,348591.4,367467.8,415811.1,445669.9,459343.5,486589.4,565773
Rio Vista,302000.9,326520.5,354934.4,383142.6,390077.5,402056.1,450637.2
Ripon,367709.8,398527.8,429937.7,462259.1,481082.9,504544.3,597131.6
Riverbank,243405,268389.6,291937.3,316277.2,328821.3,348236.5,412547.5
Riverdale,155137.2,169682.5,187613.4,205272.4,220237.8,231162.8,266095.7
Riverside,327723.7,347156.3,368328.2,402965.8,415342.9,437654.1,516431.9
Robbins,178825.6,199015.4,231039.8,252671.1,266333.5,284290.9,340802
Rocklin,408481.2,431612.3,458333.6,487983.3,506934.9,534070.2,628055.9
Rohnert Park,458244.5,502731.4,536407.9,590875,591335,597477.4,664100.5
Rolling Hills,2360021.3,2334785.8,2547719.9,2872210.9,3044302.7,3077562.9,3665349.9
Rolling Hills Estates,1154381.1,1150649.1,1230751.2,1350855.1,1380285.8,1421499,1674116.9
Rosamond,169375.4,186020.2,209928.4,240049.9,256226.9,273807.2,326072
Rosemead,487278.7,493954.8,534329.6,597888,617931.6,648646.1,729089.9
Rosemont,241100.3,268054.4,294921,324203.1,339261.5,358244.8,426798.3
Roseville,383780.1,406394.2,434118.3,461243.2,476928.3,499620,586968.3
Ross,2576118.3,2718804.8,2763616.2,2878598.6,2856938.8,2942001,3487967.5
Rough and Ready,345637.7,378114.4,402536.5,428522.5,436716.8,457859.3,549149.8
Rowland Heights,568658.2,571355.3,606907.1,653993.8,659414,682343.1,762969.3
Running Springs,153088.5,165643.4,185575.1,220133,228097.1,240240,305928.4
Sacramento,245872,278199.1,306351.7,332756.2,344954.6,368558.1,437584.3
Saint Helena,1242387.8,1344673,1409837.1,1484469.9,1510047.3,1543982.2,1818364.4
Salida,249617.2,272709.3,296962.7,323776.5,341227.9,363736,430190.6
Salinas,375319.9,412975.2,445639.3,473195,495383.7,528083.2,617086.4
San Andreas,176809.4,199426.5,226284.5,255042.4,262616.3,272088.3,320648
San Anselmo,1048459.8,1117830.5,1181736.3,1274405.5,1259551,1307532,1544007.4
San Bernardino,201368.8,217198,244831.7,281483.5,294293.1,315273.2,376034.4
San Bruno,807635.3,903788.3,972718.4,1112965.7,1108774.1,1156150.8,1274725.4
San Carlos,1574958.5,1699356.5,1768136.6,1991985.2,1923473.2,1957991.4,2189179.7
San Clemente,807087.4,830662.3,891884.9,959752.7,961466.7,1002709.8,1212586.1
San Diego,559551,593809.5,633598.3,676936.2,682420.4,722999.5,857787.9
San Dimas,508647.9,525522.9,564027.8,614112.9,624647.8,650953.6,747631
San Fernando,332196,353038.4,390703.1,444316.6,473441.7,508423.9,587235.1
San Francisco,1102473.5,1187629.8,1243360.5,1380453.7,1378304.7,1431572.5,1500708
San Gabriel,649808.5,651922,705391.5,780799,784792.3,812607.3,906455.2
San Geronimo,755927.2,829376.7,869527,931816.1,929455.1,950011.4,1146835.6
San Jacinto,212278.4,230976.9,251489.3,280387.2,293035.6,311842,380796.1
San Joaquin,112083.1,125707.5,142764.2,159010.1,170760.5,184614.1,215659.8
San Jose,752961.7,804634.9,834533.4,1032893.7,1038685,1060669.2,1225837.8
San Juan Bautista,570649.2,632408.9,660024.7,679395.9,704056.8,737928.3,868537.5
San Juan Capistrano,693228.3,719282.5,777671.9,836593.1,835293.9,870648.6,1030288
San Leandro,499412.7,561268.9,607083.4,674873,676114.3,705778.8,822147.4
San Lorenzo,463528.3,519319.4,565628.5,640505.3,645171.3,676817.8,779045.6
San Luis Obispo,663871.3,693577.9,751416.9,791171.7,799677.9,817711.8,902951
San Marcos,519869.6,552875.9,584340.7,617235.2,625436.8,653481.4,780939.8
San Marino,2002894.4,1904113.4,2000806.5,2184545.8,2209240.5,2240990.9,2341551.2
San Martin,896402.6,922294.6,936102.9,1113748.2,1128333.9,1173603.5,1391172.6
San Mateo,1146892.5,1255433.1,1337956.9,1542100.1,1494211.9,1521472,1660818.3
San Miguel,319321.4,339302.7,376710.8,399285.2,409615.1,430075.9,481897.1
San Rafael,887550.2,951139.2,1001397.5,1080285.5,1084078.5,1128272.9,1334953
San Ramon,918200.4,975138.5,1014027.5,1087065.7,1105162.7,1131137.9,1394037.8
Sanger,193064.8,210034,227023,247619.7,263701.2,279139.8,328146.4
Santa Ana,430013.4,449191.6,495494.7,550430.9,559299.4,596260.3,673110.9
Santa Barbara,1068483.2,1131553.6,1156489.2,1195341.4,1201829,1214048.5,1487946
Santa Clara,898128.5,974321.9,1010247.9,1292287.1,1287999.9,1307454.5,1454962.9
Santa Clarita,479952.1,500797.8,534437.8,576992.4,588272.2,615907.7,721621.3
Santa Cruz,802102.2,871026.6,931186.3,1010359.5,991517.2,1008831.7,1209409.7
Santa Fe Springs,368585.4,384377.1,424636.9,471567.9,489436.8,523210.5,599836.3
Santa Maria,326119,353111.9,370866.2,390254.4,403283,424509.5,497564.4
Santa Monica,1470627.2,1446466.9,1607786.2,1974028,2060064.3,2071689.5,2259775.4
Santa Paula,388039.2,416457.9,445112.5,474436.1,486534,512182.6,583585.9
Santa Rosa,483936,528916.3,565103.2,622542.2,615866.2,620085.7,673312.9
Santa Ynez,1018818,1079292.7,1101993.3,1129915.5,1166439.7,1187875.3,1480462.4
Santa Ysabel,457460.7,490723.8,530235.7,560241.2,556142.1,570131.7,658602.9
Santee,427925.3,458657.8,489828.4,516980,526599.3,558277.1,656043.9
Saratoga,2115357.4,2152561.9,2146239.5,2570938.9,2615453.3,2635450.3,3121945.8
Sausalito,1382143.7,1490567,1543714.6,1644343.5,1653966.8,1703889.8,1902154.4
Scotts Valley,788120.9,847551.5,890784.1,949165.7,950304.6,977611.3,1146433.7
Seal Beach,813077,829764.5,898849.6,970697.6,971617.8,1011899.7,1161624.7
Seaside,410465.7,448868.3,486428.5,521337.8,544604.3,579783.2,666984.3
Sebastopol,735866.6,799417.8,846795.4,915166.1,922260,924802.4,1042581.1
Selma,173528,187877.8,201277.6,218078.1,231138,243449.4,279430.4
Shafter,177549.9,191681,202850,217444.8,231526.5,249593.9,287115.6
Shandon,238605.6,259639.1,294803.2,319191.3,329294.1,342476.1,394677.2
Shaver Lake,402213.2,422243.1,433139.9,450946.5,458755.5,461422.1,546806
Sheridan,243580.8,279094.3,312689.1,338482.8,356456.5,386368.2,454097.2
Shingle Springs,386207.9,416650.4,447397.1,478943.5,496373.7,511504.6,597759.9
Sierra City,185192.8,198381.7,214385.4,230940.6,239088,260837.3,304864.6
Sierra Madre,799007,809621.1,883597.8,969806,991056.5,1018195.9,1173878.6
Sierraville,211750.6,240268.6,264875.1,297572.3,313195.4,336657.9,420197.1
Signal Hill,523267.9,532954.2,561331.5,622689.2,650747.9,670678.1,765941.8
Silverado,520034.7,540775.3,602773.5,656347,652378.1,688734,789175.6
Simi Valley,510948,542585.8,571272,599350.9,606980.7,630952.9,727097.6
Sloughhouse,420903.1,451900.1,487254,522125.5,534965.9,552001,643257.5
Smartsville,275995.1,313256.5,337490.1,369659.6,378024.4,399771.8,474988.6
Smith River,233025.5,254225.7,266453.6,293516.4,309639.9,335059.9,378108.7
Snelling,245240.7,264810.4,293280.4,309340.4,329216.3,339672.5,404881.9
Soda Springs,429701.8,455285.4,467192.8,497434.7,517005.9,538520.1,682604.6
Solana Beach,1201807.1,1269358.6,1337406.8,1418293.2,1409524.5,1494684.2,1833243.7
Soledad,297659.5,332929,356936.9,381017.7,402256.4,436759.9,517117.4
Solvang,726389.4,780240.4,805373.7,827523.3,843805.3,862501.7,1055714.1
Somerset,290728.7,317489.2,347967.9,370815.4,373960.5,378274.3,445652.4
Somis,859825.6,904882.6,964444,1013443.9,1054264.2,1103121.6,1304371.6
Sonoma,682664.8,746942.3,778505.3,847712.8,841619.4,844275.6,968737.9
Soquel,785946.2,861976.1,900943.1,964295.1,946554.2,967448.3,1166324.6
South El Monte,355458.7,371113.9,409870.7,461958.4,477593.6,503518.2,576307.5
South Gate,325921.2,344426.4,380885.1,427658.7,451716.2,481360.2,545701
South Lake Tahoe,375425.5,399993.3,429845.3,466533.6,477978,484601.7,623830.1
South Pasadena,985780,974206.7,1058772.7,1235775.1,1278330.9,1325267.7,1497298.1
South San Francisco,777174.9,863808.9,920169.2,1050781.1,1046268,1088360.8,1209164.7
Spring Valley,391865.1,426161.3,457896.1,484514,494294.6,526439.5,621040.2
Springville,225420.2,240441.1,259729.5,277770.9,286904.6,300766.4,356277
Squaw Valley,180353.6,196149.7,213255.9,230188.6,237759.8,253143,308306.5
Standish,182700,207333.8,225121.1,241789.3,250934.1,257391.5,309978.9
Stanford,2194553.9,2250074.8,2269565.1,2626737,2643960.1,2613545.1,2859703.3
Stanton,375411.3,397704,444892.5,496108.6,509447.2,543345.5,626208.9
Stevinson,280718.4,318880.9,340423.2,373406.1,395806.3,403334.1,507012.7
Stinson Beach,1849494,2111801.9,2282437.1,2457115.9,2403941.2,2737984.6,3419027.9
Stirling City,65561.4,85105.2,95370.7,112467.3,145511.9,164142,174946.5
Stockton,208200.6,233751.4,262997.7,294051,310804.4,328712.7,393478.2
Stratford,107404.2,115458.2,132428.6,142948.7,155292.7,170740.4,199458
Strathmore,118753.5,128017.5,144001,159214.6,176660.2,192025.5,222402.3
Sugarloaf,131663.4,140796.5,155587.1,182567.8,194508.3,201583.5,265599.5
Suisun City,294316,326151.8,360839.6,393776.8,406800.9,426529.7,491908.1
Summerland,1526974,1680431.7,1715479.4,1751034.7,1731976.5,1714656.1,2212212
Sunnyvale,1169514.5,1243687.4,1278565.9,1642635.5,1622232.2,1634927.7,1830261.3
Sunol,952547.2,1076813.3,1126130.9,1201031.6,1144396.9,1184396.7,1366836.3
Susanville,134723.1,150388.8,163241.6,176603.7,184961.8,197094.4,224052.3
Sutter,194035.4,213889.2,236572.1,259099.3,277388.4,300707.7,354895.5
Sutter Creek,282797.8,310707.2,327585.5,354477.4,373479.3,386564.9,445528
Taft,104372.8,113419.1,115674.8,121553.5,127999.7,135335.7,156472
Taft Mosswood,134211.8,160872.4,188099.5,225622.7,245202.8,258992.7,308161.5
Tahoe City,653379.4,686338.1,719558.8,764862.5,800341,836335.6,1148829.4
Tahoe Vista,509702.1,541692.9,571842,612663.6,641561.9,669686.7,900739.2
Tahoma,505154.3,532161,561053.7,607321,626330.9,654452.2,868510.6
Tehachapi,218956.7,236851.3,254032.9,270178.1,281999.3,299064.2,351826.3
Tehama,139972.5,147681.7,151714.1,163465.5,190677.2,209525.7,248268.7
Temecula,400395.3,419571.6,441110.6,476141.8,484183.5,507260,619001.1
Temple City,670366.3,669360.5,718637.9,787298.7,790201.3,817849,910491.1
Templeton,512287.4,543768.3,596491.9,634241.4,645797.9,673010.6,776632.3
Terra Bella,168502.5,182472.1,195246.6,209496.4,227891.2,238787.1,284456.8
The Sea Ranch,744728.6,782181.4,798954.5,831102.8,812358.8,807475.9,985470.7
Thermal,120978.6,138333.5,151365.3,168135.2,178224.6,192288.6,231962
Thornton,198524.1,229723.2,258207.2,287588.1,300114.8,329004.9,379285.8
Thousand Oaks,654410.8,686312.8,721148.3,752457,758754.7,782437.2,889729.5
Thousand Palms,161761.1,180173.7,197883.3,219562.1,232373,249743.2,303042.6
Three Rivers,279888.3,295182.6,320954.4,342973.8,364070.3,379751.5,455678
Tiburon,2217240.7,2329342.4,2360528.7,2527698.9,2519633.4,2533614.6,2966005.3
Tipton,113431.4,126126.4,145048.3,152089.7,165426.5,179779.1,213469.1
Tollhouse,234954,251221.9,259390.4,277308.6,289609.4,300799.4,358224.1
Tomales,727317.6,775108.5,820690.4,865252.4,863150.9,868224,1036012
Topanga,872318.3,854093.1,937832.1,1072220.3,1141693,1199479.8,1413815.9
Torrance,674458.3,689643.1,749669.6,826787.7,851478,886575.5,1012296.6
Tracy,404813.3,437642.1,466565.6,510173.3,527568.1,544214.2,679578.8
Tranquillity,125892.7,143077.1,159983.3,180206.2,200004.2,213647.9,244519.3
Trinidad,453796.9,487402.4,544677,578573.1,583484.5,599544.8,652828
Trinity Center,220287.8,231777.7,244378.9,249193.7,253271.5,269238.4,305794.9
Trona,25879,31050.8,40306.1,53337.4,51303.2,51085.8,66664.6
Truckee,554823.7,574342.8,613658.6,655621.3,676768.9,698608.7,964215.3
Tulare,165474.2,177938.2,197078.2,209380.3,220338,234106.2,276037.9
Tulelake,78986,84755.2,92315.3,101669,111948.2,117033.6,140634.2
Turlock,264300.4,284691.6,305113.4,328550,343228.9,364337.6,425485.4
Tustin,651301.9,669105.8,718742.9,769691.2,768737.2,800022.7,903830.8
Twentynine Palms,101160.8,103671.1,116173.6,139504.3,144527.5,160298.2,217679
Twin Bridges,239269.2,268028.5,291587.9,317991,327624.1,341487.8,408682.9
Ukiah,343505.4,373280.2,405864.1,433507.2,457541.3,469157,524119.9
Union City,658795.5,727829.5,779882.7,902836.9,901111.5,901091.7,1089657.3
Upland,461619,472672.8,514226.3,555854.1,557792.9,583111.2,685885.3
Upper Lake,216010.4,243672.4,265923.5,289474.1,301304.7,306993.8,353480.3
Vacaville,365889.6,394081.7,422053.4,454697.3,468780.4,489866,564914.4
Valinda,360668.2,378521.6,415166.2,464315.9,487066.3,516612.3,592421.8
Vallecito,240308.5,261392.4,281291,298700.6,313727.8,327601.6,349259.7
Vallejo,289162,331821.4,367593,409354,423079,440740.3,509786.4
Valley Center,506724.3,541372.9,573166.3,611645.5,611273.4,644570.7,760844.7
Valley Springs,254214.5,282220.2,307709.4,335283,348040.7,363815.3,439380.1
Ventura,526236.3,559266.4,592317.3,621063.6,631235.7,657295,755020.3
Victorville,185552.2,200309.7,225394.2,252723.7,262992.8,279777,347158.1
View Park-Windsor Hills,554905.1,581272,645531.4,759847.3,843261.6,920264.5,1059016.5
Villa Park,1066269.6,1079122.5,1156315.9,1248491.8,1247048,1317477.2,1539500.9
Visalia,198441.4,211573.2,230781.6,245727.6,256971.5,271433.6,319486.1
Vista,442081,474492.1,506370.2,535852.7,546023,575246.6,677238.1
Volcano,252369.1,278005.1,304739.2,329647.8,338499,344889.2,410300.5
Wallace,318202.3,347686.3,371352.8,398884.3,412607.1,433605.5,516957.2
Walnut,740997.7,729777.6,766592.7,808515.9,805286.8,823258.8,910851.1
Walnut Creek,843630.1,894655.2,946791.1,1009790,1019306.5,1060750.6,1261290.2
Walnut Grove,347753,376631.9,408333.8,439369.8,449968.1,473111.2,543397.7
Warner Springs,305727.6,340924.1,373505.7,407804.4,403046.4,415289.6,485087
Wasco,150142.4,162404.7,171714.7,182913.9,194810.1,207304.9,237376.5
Waterford,199988,225568,249816.2,273066.3,285480.3,304985.4,364322.5
Watsonville,488715.9,531783,569701.3,613684.9,624618.2,646974.3,753144.4
Weaverville,201851.2,213081.1,232113.6,250491,249727.6,257096.6,297990.2
Weed,154919.3,167897.8,187997.8,206446.5,220073.7,232025.1,277297.4
Weldon,107029.7,111221.3,119620.9,128824.3,135128.5,146497.2,167873.6
West Athens,317470.4,339372.5,381401,440755.3,476896.3,522791.6,605998.1
West Carson,435763.1,452042,493780.5,550290,573882.1,605324.8,700964.1
West Compton,314855.9,335558.7,381205.4,437379.9,467359.5,504767.3,582274.9
West Covina,444551.4,458816.6,497350.9,547809.9,563672.9,593926.2,681284.3
West Hollywood,1014983.5,1016226.9,1146936,1374000.1,1449503.9,1470284.5,1608727.8
West Point,142708.1,170963.3,194341.8,215034.3,229913.7,234434.8,280930.5
West Puente Valley,347802.7,362029,398402.5,452047.2,470245.6,501311.5,574453.1
West Sacramento,285164.5,313724.2,349970.7,377748.3,388264.8,405614.9,470323.4
Westlake Village,906525,943394.6,994898.4,1053674.6,1069162,1106030.3,1297089.8
Westminster,529363,549846.3,600676.2,656376.1,667676.5,707831,798331.9
Westmont,291989.8,312898.2,352025.4,414938,452965.9,494156.9,561273.2
Westwood,220224.3,236673.1,251349.7,280160.4,295125.7,315550.3,391079.9
Wheatland,224143.5,243647.6,269568.9,294115.4,310315.5,336891.9,393046.7
White Water,130932,149358.4,169735,200160.2,213868.7,232666.6,286297.3
Whitethorn,292356.2,321343.5,346044.8,361409.9,367738.7,368048.8,394094.6
Whittier,417821.5,437607.9,476746.3,523652.8,539529.8,573559.1,662301.6
Wildomar,324927.1,347851.7,371954.1,399549.9,409067.1,431908.4,527095.5
Williams,181452.9,200988,218489.2,238376.8,256021.7,276644.2,321695.4
Willits,263459.7,295780.3,324476.1,346211.8,354878.8,373885.2,409405.7
Willow Creek,264304.2,285577.4,313474.7,327534.7,331516.7,339805.7,364128.4
Willowbrook,259509.4,283579.6,324413.3,376817.3,416546.8,453592.3,519028.1
Willows,154777.2,170492.1,182580.2,202588.2,223799.7,243679.7,274372.8
Wilseyville,155774.3,183315,204582.4,217771.7,225395.4,232660.4,289144
Wilton,509496,551336.2,594635.9,640662.4,659654.1,678249.3,820003.1
Winchester,356622.5,378932.4,402866.7,431588,439711.2,462225,571073
Windsor,510123.2,561664.1,603448.6,663833.1,664738.6,675717.6,743372.5
Winters,342640.2,378889.2,417089.1,443134.7,460221.9,484470.1,549690.9
Winton,140253.8,155459.7,173971.8,195423.1,218908,236312.6,287119.6
Wofford Heights,137249.5,140599.4,146740.7,154052.7,164813,174475,201242.9
Woodacre,679702.1,740545.6,779033.1,844422.5,836939.7,865294.1,983827.9
Woodbridge,329270.9,348651.7,372803.9,406275.5,422273,450173.7,524988.9
Woodlake,142846.1,153181.2,168629.8,178990.9,193932.8,209260.1,248364.7
Woodland,307063.6,333183.2,368277.4,396458.4,410991.9,425949,484709.3
Woodside,2571889.9,2740171.3,2758142.5,2931648.5,2918828.5,3002668.9,3362381.1
Wrightwood,230023.1,242903.7,269478,303988.6,306313,320755.6,380688.2
Yermo,59991,62612.6,77820.4,111016.7,115007.3,136550,173531.4
Yorba Linda,741712.5,756056.7,814688.4,869260,863539.5,902208.7,1042356.2
Yountville,867632.5,930751.6,985898.6,1040493.4,1078248,1120945.9,1311820.5
Yreka,147052.4,155893.3,163423.5,174930.9,190187.6,198080.2,233822.1
Yuba City,225099.8,243232.4,270577,295807.7,310524.3,333738,393197.7
Yucaipa,286070.9,302006.7,332697.6,369420.6,376584.5,397064.1,463536.9
Yucca Valley,133268.8,142233.7,162087.2,195388.9,205148.5,221274.4,301759.4
